Incident_ID,Timestamp,Frame_ID,Event_Detected,Objects,Confidence
INC-001,2.4,OneStopMoveEnter1cor_frame_60,Crowd Gathering,person,0.77
INC-002,3.2,OneStopMoveEnter1cor_frame_80,Crowd Gathering,person,0.72
INC-003,3.6,OneStopMoveEnter1cor_frame_90,Crowd Gathering,person,0.71
INC-004,4.0,OneStopMoveEnter1cor_frame_100,Crowd Gathering,"person, handbag",0.68
INC-005,4.4,OneStopMoveEnter1cor_frame_110,Crowd Gathering,person,0.72
INC-006,4.8,OneStopMoveEnter1cor_frame_120,Crowd Gathering,person,0.72
INC-007,5.2,OneStopMoveEnter1cor_frame_130,Crowd Gathering,person,0.82
INC-008,5.6,OneStopMoveEnter1cor_frame_140,Crowd Gathering,person,0.8
INC-009,6.0,OneStopMoveEnter1cor_frame_150,Crowd Gathering,person,0.82
INC-010,6.4,OneStopMoveEnter1cor_frame_160,Crowd Gathering,person,0.77
INC-011,6.8,OneStopMoveEnter1cor_frame_170,Crowd Gathering,person,0.79
INC-012,7.2,OneStopMoveEnter1cor_frame_180,Crowd Gathering,person,0.79
INC-013,7.6,OneStopMoveEnter1cor_frame_190,Crowd Gathering,person,0.81
INC-014,8.0,OneStopMoveEnter1cor_frame_200,Crowd Gathering,person,0.82
INC-015,8.4,OneStopMoveEnter1cor_frame_210,Crowd Gathering,person,0.8
INC-016,8.8,OneStopMoveEnter1cor_frame_220,Crowd Gathering,person,0.79
INC-017,9.2,OneStopMoveEnter1cor_frame_230,Crowd Gathering,person,0.76
INC-018,9.6,OneStopMoveEnter1cor_frame_240,Crowd Gathering,person,0.76
INC-019,10.0,OneStopMoveEnter1cor_frame_250,Crowd Gathering,person,0.75
INC-020,10.4,OneStopMoveEnter1cor_frame_260,Crowd Gathering,person,0.76
INC-021,10.8,OneStopMoveEnter1cor_frame_270,Crowd Gathering,person,0.77
INC-022,11.2,OneStopMoveEnter1cor_frame_280,Crowd Gathering,person,0.78
INC-023,11.6,OneStopMoveEnter1cor_frame_290,Crowd Gathering,person,0.78
INC-024,12.0,OneStopMoveEnter1cor_frame_300,Crowd Gathering,person,0.77
INC-025,12.4,OneStopMoveEnter1cor_frame_310,Crowd Gathering,person,0.76
INC-026,12.8,OneStopMoveEnter1cor_frame_320,Crowd Gathering,person,0.67
INC-027,13.2,OneStopMoveEnter1cor_frame_330,Crowd Gathering,person,0.69
INC-028,13.6,OneStopMoveEnter1cor_frame_340,Crowd Gathering,person,0.72
INC-029,14.0,OneStopMoveEnter1cor_frame_350,Crowd Gathering,person,0.73
INC-030,14.4,OneStopMoveEnter1cor_frame_360,Crowd Gathering,"person, handbag",0.7
INC-031,14.8,OneStopMoveEnter1cor_frame_370,Crowd Gathering,person,0.75
INC-032,15.2,OneStopMoveEnter1cor_frame_380,Crowd Gathering,person,0.81
INC-033,15.6,OneStopMoveEnter1cor_frame_390,Crowd Gathering,person,0.74
INC-034,16.0,OneStopMoveEnter1cor_frame_400,Crowd Gathering,person,0.79
INC-035,16.4,OneStopMoveEnter1cor_frame_410,Crowd Gathering,person,0.8
INC-036,16.8,OneStopMoveEnter1cor_frame_420,Crowd Gathering,person,0.74
INC-037,17.2,OneStopMoveEnter1cor_frame_430,Crowd Gathering,person,0.78
INC-038,17.6,OneStopMoveEnter1cor_frame_440,Crowd Gathering,person,0.65
INC-039,18.0,OneStopMoveEnter1cor_frame_450,Crowd Gathering,person,0.64
INC-040,18.4,OneStopMoveEnter1cor_frame_460,Crowd Gathering,person,0.65
INC-041,18.8,OneStopMoveEnter1cor_frame_470,Crowd Gathering,person,0.7
INC-042,19.2,OneStopMoveEnter1cor_frame_480,Crowd Gathering,person,0.7
INC-043,19.6,OneStopMoveEnter1cor_frame_490,Crowd Gathering,person,0.75
INC-044,20.0,OneStopMoveEnter1cor_frame_500,Crowd Gathering,person,0.73
INC-045,20.4,OneStopMoveEnter1cor_frame_510,Crowd Gathering,person,0.79
INC-046,20.8,OneStopMoveEnter1cor_frame_520,Crowd Gathering,person,0.78
INC-047,21.2,OneStopMoveEnter1cor_frame_530,Crowd Gathering,person,0.79
INC-048,21.6,OneStopMoveEnter1cor_frame_540,Crowd Gathering,person,0.8
INC-049,22.0,OneStopMoveEnter1cor_frame_550,Crowd Gathering,person,0.77
INC-050,22.4,OneStopMoveEnter1cor_frame_560,Crowd Gathering,person,0.73
INC-051,22.8,OneStopMoveEnter1cor_frame_570,Crowd Gathering,person,0.7
INC-052,24.4,OneStopMoveEnter1cor_frame_610,Crowd Gathering,"person, backpack",0.67
INC-053,25.2,OneStopMoveEnter1cor_frame_630,Crowd Gathering,person,0.65
INC-054,25.6,OneStopMoveEnter1cor_frame_640,Crowd Gathering,person,0.81
INC-055,26.0,OneStopMoveEnter1cor_frame_650,Crowd Gathering,person,0.77
INC-056,26.4,OneStopMoveEnter1cor_frame_660,Crowd Gathering,person,0.73
INC-057,26.8,OneStopMoveEnter1cor_frame_670,Crowd Gathering,person,0.83
INC-058,27.2,OneStopMoveEnter1cor_frame_680,Crowd Gathering,person,0.81
INC-059,27.6,OneStopMoveEnter1cor_frame_690,Crowd Gathering,person,0.84
INC-060,28.0,OneStopMoveEnter1cor_frame_700,Crowd Gathering,person,0.85
INC-061,28.4,OneStopMoveEnter1cor_frame_710,Crowd Gathering,person,0.86
INC-062,28.8,OneStopMoveEnter1cor_frame_720,Crowd Gathering,person,0.85
INC-063,29.2,OneStopMoveEnter1cor_frame_730,Crowd Gathering,person,0.81
INC-064,29.6,OneStopMoveEnter1cor_frame_740,Crowd Gathering,person,0.82
INC-065,30.0,OneStopMoveEnter1cor_frame_750,Crowd Gathering,person,0.79
INC-066,30.4,OneStopMoveEnter1cor_frame_760,Crowd Gathering,person,0.83
INC-067,30.8,OneStopMoveEnter1cor_frame_770,Crowd Gathering,person,0.77
INC-068,31.2,OneStopMoveEnter1cor_frame_780,Crowd Gathering,person,0.76
INC-069,31.6,OneStopMoveEnter1cor_frame_790,Crowd Gathering,person,0.77
INC-070,32.0,OneStopMoveEnter1cor_frame_800,Crowd Gathering,person,0.77
INC-071,32.4,OneStopMoveEnter1cor_frame_810,Crowd Gathering,person,0.69
INC-072,32.8,OneStopMoveEnter1cor_frame_820,Crowd Gathering,"person, backpack",0.71
INC-073,33.2,OneStopMoveEnter1cor_frame_830,Crowd Gathering,person,0.68
INC-074,33.6,OneStopMoveEnter1cor_frame_840,Crowd Gathering,person,0.73
INC-075,34.0,OneStopMoveEnter1cor_frame_850,Crowd Gathering,person,0.73
INC-076,34.4,OneStopMoveEnter1cor_frame_860,Crowd Gathering,person,0.74
INC-077,34.8,OneStopMoveEnter1cor_frame_870,Crowd Gathering,person,0.68
INC-078,35.2,OneStopMoveEnter1cor_frame_880,Crowd Gathering,person,0.81
INC-079,35.6,OneStopMoveEnter1cor_frame_890,Crowd Gathering,"person, parking meter",0.76
INC-080,36.0,OneStopMoveEnter1cor_frame_900,Crowd Gathering,person,0.74
INC-081,36.4,OneStopMoveEnter1cor_frame_910,Crowd Gathering,person,0.75
INC-082,36.8,OneStopMoveEnter1cor_frame_920,Crowd Gathering,person,0.76
INC-083,37.2,OneStopMoveEnter1cor_frame_930,Crowd Gathering,person,0.74
INC-084,37.6,OneStopMoveEnter1cor_frame_940,Crowd Gathering,person,0.76
INC-085,38.4,OneStopMoveEnter1cor_frame_960,Crowd Gathering,"person, tie",0.62
INC-086,38.8,OneStopMoveEnter1cor_frame_970,Crowd Gathering,"person, tie",0.69
INC-087,39.2,OneStopMoveEnter1cor_frame_980,Crowd Gathering,person,0.74
INC-088,39.6,OneStopMoveEnter1cor_frame_990,Crowd Gathering,person,0.68
INC-089,40.0,OneStopMoveEnter1cor_frame_1000,Crowd Gathering,person,0.73
INC-090,40.4,OneStopMoveEnter1cor_frame_1010,Crowd Gathering,person,0.79
INC-091,40.8,OneStopMoveEnter1cor_frame_1020,Crowd Gathering,"person, tie",0.7
INC-092,41.2,OneStopMoveEnter1cor_frame_1030,Crowd Gathering,"person, tie",0.74
INC-093,41.6,OneStopMoveEnter1cor_frame_1040,Crowd Gathering,"person, tie",0.76
INC-094,42.0,OneStopMoveEnter1cor_frame_1050,Crowd Gathering,"person, tie",0.73
INC-095,42.4,OneStopMoveEnter1cor_frame_1060,Crowd Gathering,"person, tie",0.65
INC-096,42.8,OneStopMoveEnter1cor_frame_1070,Crowd Gathering,"person, tie",0.73
INC-097,43.2,OneStopMoveEnter1cor_frame_1080,Crowd Gathering,"person, tie",0.72
INC-098,43.6,OneStopMoveEnter1cor_frame_1090,Crowd Gathering,"person, tie",0.71
INC-099,44.0,OneStopMoveEnter1cor_frame_1100,Crowd Gathering,"person, tie",0.69
INC-100,44.4,OneStopMoveEnter1cor_frame_1110,Crowd Gathering,"person, tie",0.69
INC-101,44.8,OneStopMoveEnter1cor_frame_1120,Crowd Gathering,"person, tie",0.67
INC-102,45.2,OneStopMoveEnter1cor_frame_1130,Crowd Gathering,"person, tie",0.71
INC-103,45.6,OneStopMoveEnter1cor_frame_1140,Crowd Gathering,"person, tie",0.72
INC-104,46.0,OneStopMoveEnter1cor_frame_1150,Crowd Gathering,"person, tie",0.69
INC-105,46.4,OneStopMoveEnter1cor_frame_1160,Crowd Gathering,"person, tie",0.68
INC-106,46.8,OneStopMoveEnter1cor_frame_1170,Crowd Gathering,"person, tie",0.69
INC-107,47.2,OneStopMoveEnter1cor_frame_1180,Crowd Gathering,"person, tie",0.67
INC-108,47.6,OneStopMoveEnter1cor_frame_1190,Crowd Gathering,"person, tie",0.71
INC-109,48.0,OneStopMoveEnter1cor_frame_1200,Crowd Gathering,"person, tie",0.74
INC-110,48.4,OneStopMoveEnter1cor_frame_1210,Crowd Gathering,"person, tie, backpack",0.66
INC-111,52.0,OneStopMoveEnter1cor_frame_1300,Crowd Gathering,person,0.73
INC-112,52.4,OneStopMoveEnter1cor_frame_1310,Crowd Gathering,person,0.62
INC-113,52.8,OneStopMoveEnter1cor_frame_1320,Crowd Gathering,person,0.66
INC-114,59.2,OneStopMoveEnter1cor_frame_1480,Crowd Gathering,person,0.76
INC-115,59.6,OneStopMoveEnter1cor_frame_1490,Crowd Gathering,person,0.78
INC-116,60.0,OneStopMoveEnter1cor_frame_1500,Crowd Gathering,person,0.76
INC-117,60.4,OneStopMoveEnter1cor_frame_1510,Crowd Gathering,person,0.68
INC-118,60.8,OneStopMoveEnter1cor_frame_1520,Crowd Gathering,person,0.7
INC-119,61.2,OneStopMoveEnter1cor_frame_1530,Crowd Gathering,"person, handbag",0.67
INC-120,61.6,OneStopMoveEnter1cor_frame_1540,Crowd Gathering,person,0.78
INC-121,62.0,OneStopMoveEnter1cor_frame_1550,Crowd Gathering,person,0.68
INC-122,10.4,ShopAssistant2cor_frame_260,Crowd Gathering,person,0.74
INC-123,10.8,ShopAssistant2cor_frame_270,Crowd Gathering,person,0.72
INC-124,17.2,ShopAssistant2cor_frame_430,Crowd Gathering,person,0.78
INC-125,18.4,ShopAssistant2cor_frame_460,Crowd Gathering,person,0.85
INC-126,18.8,ShopAssistant2cor_frame_470,Crowd Gathering,person,0.85
INC-127,19.2,ShopAssistant2cor_frame_480,Crowd Gathering,person,0.76
INC-128,19.6,ShopAssistant2cor_frame_490,Crowd Gathering,person,0.75
INC-129,20.0,ShopAssistant2cor_frame_500,Crowd Gathering,person,0.76
INC-130,20.4,ShopAssistant2cor_frame_510,Crowd Gathering,person,0.79
INC-131,20.8,ShopAssistant2cor_frame_520,Crowd Gathering,person,0.89
INC-132,21.6,ShopAssistant2cor_frame_540,Crowd Gathering,person,0.89
INC-133,22.0,ShopAssistant2cor_frame_550,Crowd Gathering,person,0.88
INC-134,22.4,ShopAssistant2cor_frame_560,Crowd Gathering,person,0.89
INC-135,22.8,ShopAssistant2cor_frame_570,Crowd Gathering,person,0.86
INC-136,23.2,ShopAssistant2cor_frame_580,Crowd Gathering,"person, tie",0.73
INC-137,23.6,ShopAssistant2cor_frame_590,Crowd Gathering,person,0.87
INC-138,24.0,ShopAssistant2cor_frame_600,Crowd Gathering,person,0.89
INC-139,24.4,ShopAssistant2cor_frame_610,Crowd Gathering,"person, tie",0.77
INC-140,24.8,ShopAssistant2cor_frame_620,Crowd Gathering,"person, tie",0.8
INC-141,25.2,ShopAssistant2cor_frame_630,Crowd Gathering,"person, tie",0.84
INC-142,25.6,ShopAssistant2cor_frame_640,Crowd Gathering,"person, tie",0.78
INC-143,26.0,ShopAssistant2cor_frame_650,Crowd Gathering,"person, tie",0.85
INC-144,26.4,ShopAssistant2cor_frame_660,Crowd Gathering,"person, tie",0.84
INC-145,26.8,ShopAssistant2cor_frame_670,Crowd Gathering,"person, tie",0.79
INC-146,27.2,ShopAssistant2cor_frame_680,Crowd Gathering,"person, tie",0.62
INC-147,27.6,ShopAssistant2cor_frame_690,Crowd Gathering,"person, tie",0.66
INC-148,28.0,ShopAssistant2cor_frame_700,Crowd Gathering,"person, tie",0.7
INC-149,28.8,ShopAssistant2cor_frame_720,Crowd Gathering,"person, tie",0.64
INC-150,67.2,ShopAssistant2cor_frame_1680,Crowd Gathering,person,0.52
INC-151,130.0,ShopAssistant2cor_frame_3250,Crowd Gathering,person,0.64
INC-152,130.4,ShopAssistant2cor_frame_3260,Crowd Gathering,"person, handbag",0.7
INC-153,130.8,ShopAssistant2cor_frame_3270,Crowd Gathering,person,0.85
INC-154,131.2,ShopAssistant2cor_frame_3280,Crowd Gathering,"person, handbag",0.71
INC-155,131.6,ShopAssistant2cor_frame_3290,Crowd Gathering,person,0.66
INC-156,132.0,ShopAssistant2cor_frame_3300,Crowd Gathering,person,0.88
INC-157,133.6,ShopAssistant2cor_frame_3340,Crowd Gathering,"person, handbag",0.72
INC-158,134.0,ShopAssistant2cor_frame_3350,Crowd Gathering,"person, handbag",0.69
INC-159,134.4,ShopAssistant2cor_frame_3360,Crowd Gathering,"person, handbag",0.73
INC-160,134.8,ShopAssistant2cor_frame_3370,Crowd Gathering,"person, handbag",0.71
INC-161,135.2,ShopAssistant2cor_frame_3380,Crowd Gathering,"person, handbag",0.71
INC-162,135.6,ShopAssistant2cor_frame_3390,Crowd Gathering,"person, handbag",0.78
INC-163,136.0,ShopAssistant2cor_frame_3400,Crowd Gathering,"person, handbag",0.69
INC-164,136.4,ShopAssistant2cor_frame_3410,Crowd Gathering,"person, handbag",0.71
INC-165,136.8,ShopAssistant2cor_frame_3420,Crowd Gathering,"person, handbag",0.67
INC-166,137.2,ShopAssistant2cor_frame_3430,Crowd Gathering,"person, handbag",0.72
INC-167,137.6,ShopAssistant2cor_frame_3440,Crowd Gathering,"person, handbag",0.64
INC-168,138.0,ShopAssistant2cor_frame_3450,Crowd Gathering,"person, handbag",0.72
INC-169,138.4,ShopAssistant2cor_frame_3460,Crowd Gathering,person,0.71
INC-170,138.8,ShopAssistant2cor_frame_3470,Crowd Gathering,person,0.72
INC-171,139.2,ShopAssistant2cor_frame_3480,Crowd Gathering,person,0.73
INC-172,139.6,ShopAssistant2cor_frame_3490,Crowd Gathering,person,0.67
INC-173,140.0,ShopAssistant2cor_frame_3500,Crowd Gathering,person,0.72
INC-174,140.4,ShopAssistant2cor_frame_3510,Crowd Gathering,person,0.67
INC-175,140.8,ShopAssistant2cor_frame_3520,Crowd Gathering,person,0.75
INC-176,141.2,ShopAssistant2cor_frame_3530,Crowd Gathering,person,0.84
INC-177,141.6,ShopAssistant2cor_frame_3540,Crowd Gathering,person,0.83
INC-178,142.0,ShopAssistant2cor_frame_3550,Crowd Gathering,person,0.82
INC-179,142.4,ShopAssistant2cor_frame_3560,Crowd Gathering,person,0.79
INC-180,142.8,ShopAssistant2cor_frame_3570,Crowd Gathering,person,0.67
INC-181,143.2,ShopAssistant2cor_frame_3580,Crowd Gathering,"person, tie",0.61
INC-182,143.6,ShopAssistant2cor_frame_3590,Crowd Gathering,person,0.66
INC-183,144.0,ShopAssistant2cor_frame_3600,Crowd Gathering,person,0.66
INC-184,144.4,ShopAssistant2cor_frame_3610,Crowd Gathering,person,0.74
INC-185,144.8,ShopAssistant2cor_frame_3620,Crowd Gathering,person,0.58
INC-186,145.2,ShopAssistant2cor_frame_3630,Crowd Gathering,person,0.65
INC-187,145.6,ShopAssistant2cor_frame_3640,Crowd Gathering,person,0.77
INC-188,146.0,ShopAssistant2cor_frame_3650,Crowd Gathering,person,0.76
INC-189,146.4,ShopAssistant2cor_frame_3660,Crowd Gathering,person,0.74
INC-190,147.2,ShopAssistant2cor_frame_3680,Crowd Gathering,person,0.65
INC-191,8.0,WalkByShop1cor_frame_200,Crowd Gathering,person,0.53
INC-192,8.4,WalkByShop1cor_frame_210,Crowd Gathering,person,0.59
INC-193,53.2,WalkByShop1cor_frame_1330,Crowd Gathering,person,0.68
INC-194,53.6,WalkByShop1cor_frame_1340,Crowd Gathering,person,0.69
INC-195,54.0,WalkByShop1cor_frame_1350,Crowd Gathering,person,0.75
INC-196,54.4,WalkByShop1cor_frame_1360,Crowd Gathering,person,0.77
INC-197,54.8,WalkByShop1cor_frame_1370,Crowd Gathering,person,0.74
INC-198,55.2,WalkByShop1cor_frame_1380,Crowd Gathering,person,0.76
INC-199,56.0,WalkByShop1cor_frame_1400,Crowd Gathering,person,0.75
INC-200,72.0,WalkByShop1cor_frame_1800,Crowd Gathering,person,0.73
INC-201,72.8,WalkByShop1cor_frame_1820,Crowd Gathering,person,0.72
INC-202,73.2,WalkByShop1cor_frame_1830,Crowd Gathering,person,0.79
INC-203,73.6,WalkByShop1cor_frame_1840,Crowd Gathering,person,0.67
INC-204,74.0,WalkByShop1cor_frame_1850,Crowd Gathering,person,0.72
INC-205,74.4,WalkByShop1cor_frame_1860,Crowd Gathering,person,0.79
INC-206,75.2,WalkByShop1cor_frame_1880,Crowd Gathering,person,0.84
INC-207,75.6,WalkByShop1cor_frame_1890,Crowd Gathering,person,0.85
INC-208,76.0,WalkByShop1cor_frame_1900,Crowd Gathering,person,0.81
INC-209,76.4,WalkByShop1cor_frame_1910,Crowd Gathering,person,0.75
INC-210,76.8,WalkByShop1cor_frame_1920,Crowd Gathering,person,0.85
INC-211,78.0,WalkByShop1cor_frame_1950,Crowd Gathering,person,0.86
INC-212,78.4,WalkByShop1cor_frame_1960,Crowd Gathering,person,0.82
INC-213,78.8,WalkByShop1cor_frame_1970,Crowd Gathering,person,0.85
INC-214,79.6,WalkByShop1cor_frame_1990,Crowd Gathering,person,0.62
INC-215,80.0,WalkByShop1cor_frame_2000,Crowd Gathering,person,0.68
INC-216,81.2,WalkByShop1cor_frame_2030,Crowd Gathering,person,0.82
INC-217,81.6,WalkByShop1cor_frame_2040,Crowd Gathering,"person, handbag",0.56
INC-218,82.0,WalkByShop1cor_frame_2050,Crowd Gathering,person,0.64
INC-219,82.4,WalkByShop1cor_frame_2060,Crowd Gathering,person,0.84
INC-220,82.8,WalkByShop1cor_frame_2070,Crowd Gathering,person,0.61
INC-221,84.0,WalkByShop1cor_frame_2100,Crowd Gathering,person,0.81
INC-222,85.6,WalkByShop1cor_frame_2140,Crowd Gathering,person,0.83
INC-223,86.0,WalkByShop1cor_frame_2150,Crowd Gathering,person,0.8
INC-224,86.4,WalkByShop1cor_frame_2160,Crowd Gathering,person,0.82
INC-225,86.8,WalkByShop1cor_frame_2170,Crowd Gathering,person,0.84
INC-226,87.2,WalkByShop1cor_frame_2180,Crowd Gathering,person,0.82
INC-227,88.4,WalkByShop1cor_frame_2210,Crowd Gathering,"person, handbag",0.61
INC-228,88.8,WalkByShop1cor_frame_2220,Crowd Gathering,person,0.82
INC-229,92.8,WalkByShop1cor_frame_2320,Crowd Gathering,person,0.53
INC-230,93.2,WalkByShop1cor_frame_2330,Crowd Gathering,person,0.53
